FeedbackID,Review,Timestamp
F001,Everything PERFECT ✨✨ delivery ✅ packaging ✅ product ✅ price ✅!!!❤️❤️💥🔥🔥 #perfectbuy,01-10-2025
F002,The product quality is EXCELLENT!!! 😍🔥🔥💥💥 I received exactly what was shown @pics 👍!! #amazing$$!!,02-10-2025
F003,Delivery took soooo long 😤😤😩 waited almost 10 days though it SAID 3-day delivery!?! 🤔🤔 @delivery@service!!,03-10-2025
F004,Packaging was good 😅😅... but item was slightly damaged inside 💔💔!! (**sigh**),04-10-2025
F005,Customer service was sooo helpful & resolved issue FAST 💯🙌🙌 $$$ THANK YOU!!!,05-10-2025
F006,I love the DESIGN and build quality... totally worth $$$ 💸💸💰💰 (awesome!!!),06-10-2025
F007,Color was completely different 🤦‍♂️🤷‍♀️ from what I ordered!!! :( :( #wrongcolor 😑,07-10-2025
F008,"Ummm average experience - not too bad, but nothing special :/ :/ 😶😶 !!",08-10-2025
F009,The APP interface?? 🤯 confusing & keeps crashing when I TRY to PAY!! @bug@@error!!!,09-10-2025
F010,Super fast 🚀🚀 delivery!! got it next day 🔥🔥 WOW!!! 🕒✨,10-10-2025
F011,Received USED product instead of NEW one 😡😡😡😡 VERY disappointed!!! $$$ waste!!!,11-10-2025
F012,Sound quality 🎧🎶 is crystal clear 😍 battery life 👍👍 great too!!! *bestpurchase*,12-10-2025
F013,Not satisfied 😩😩 material feels CHEAP & uncomfortable 👎👎👎 !!!! ughhh...,13-10-2025
F014,Good value for money 💸💸 but wish it came with better instructions 📝📝 @manual@guide@@!!,14-10-2025
F015,I had to contact support MULTIPLE times — they NEVER responded 😡😡!!! $#@!!,15-10-2025
F016,"Absolutely LOVE this gadget 😍😍!! Setup was super easy, runs smooth ⚡⚡, and battery lasts FOREVER 🔋💯 #worthit #techlove 💥💥",16-10-2025
F017,Ughhh packaging was fancy 🎁✨ but the product had scratches 😤😤 not cool!! Expected BETTER for this price 💸💸 #disappointed ,17-10-2025
F018,Customer support replied within MINUTES 🙌🔥 fixed my issue right away 😍💬 awesome experience overall 👏👏 #servicegoals ,18-10-2025
F019,Average product 🤷‍♂️ works fine but not amazing… kinda overhyped 😶😶 build feels flimsy ⚙️💭 maybe okay for the price tag 🪙 ,19-10-2025
